Compound,SMILES,Label
Mol001,CCO,0.1235
Mol002,CC(=O)O,0.2469
Mol003,CCCC,0.3704
Mol004,C1=CC=CC=C1,0.4938
Mol005,CCN(CC)CC,0.6173
Mol006,CN(C)C=O,0.7407
Mol007,CC(C)O,0.8641
Mol008,CC(C)C(=O)O,0.9876
Mol009,CCOC(=O)C,1.1111
Mol010,CCC(=O)O,1.2345
Mol011,CC(C)C(=O)N,1.3579
Mol012,C1CCCCC1,1.4814
Mol013,CC(C)CO,1.6049
Mol014,C1=CC=C(C=C1)O,1.7283
Mol015,CC(C)CN,1.8518
Mol016,CCN(CC)C(=O)C,1.9752
Mol017,CC(C)C(=O)OC,2.0987
Mol018,CCOC(=O)CC,2.2221
Mol019,CC(C)CCO,2.3456
Mol020,CC(C)C(=O)CC,2.469
Mol021,CCOCC,2.5924
Mol022,CC(=O)OC,2.7159
Mol023,CC(C)OCC,2.8394
Mol024,CC(C)C(=O)OCC,2.9628
Mol025,C1=CC=C(C=C1)C=O,3.0863
Mol026,CCOC(=O)OCC,3.2097
Mol027,CC(C)NCC,3.3332
Mol028,CC(C)C(=O)NC,3.4566
Mol029,CC(C)C(=O)OCCC,3.58
Mol030,CCC(C)C(=O)O,3.7035
Mol031,CCOC(=O)C(C)C,3.827
Mol032,CC(C)CC(=O)O,3.9504
Mol033,CC(C)C(=O)OC(C)C,4.0739
Mol034,C1=CC=C(C=C1)CCO,4.1973
Mol035,CC(C)C(=O)NCC,4.3208
Mol036,CC(C)COC(=O)C,4.4442
Mol037,CC(C)C(=O)OCCO,4.5677
Mol038,CC(C)C(=O)NCCO,4.6911
Mol039,C1=CC(=CC=C1O)C=O,4.8146
Mol040,CCOC(=O)C(C)(C)C,4.938
Mol041,CC(C)C(=O)OCCN,5.0614
Mol042,CCOC(=O)CC(C)C,5.1849
Mol043,CC(C)COC(=O)CC,5.3083
Mol044,CC(C)C(=O)OCC(C)C,5.4318
Mol045,CCN(CC)C(=O)OC,5.5553
Mol046,CC(C)OC(=O)C(C)C,5.6787
Mol047,C1=CC=C(C=C1)CO,5.8022
Mol048,CC(C)C(=O)OCC(C)O,5.9256
Mol049,CC(C)C(=O)OC(C)CO,6.0491
Mol050,CC(C)C(=O)OCCC(C)O,6.1725
Mol051,CCOC(=O)OCC(C)C,6.296
Mol052,CC(C)C(=O)OC(C)C(=O)O,6.4194
Mol053,CC(C)C(=O)OCC(C)CO,6.5429
Mol054,C1=CC=C(C=C1)OCC,6.6663
Mol055,CCOC(=O)OC(C)C,6.7898
Mol056,CC(C)C(=O)OCCN(C)C,6.9132
Mol057,CC(C)C(=O)OCCC(C)C,7.0366
Mol058,CC(C)COC(=O)OCC,7.1601
Mol059,CC(C)C(=O)OCCC(C)O,7.2835
Mol060,CCOC(=O)OCCC(C)C,7.407
Mol061,CC(C)C(=O)OCC(C)OC,7.5305
Mol062,CCOC(=O)OCCC(C)O,7.6539
Mol063,CC(C)C(=O)OC(C)C(=O)OC,7.7774
Mol064,CC(C)C(=O)OC(C)C(=O)OCC,7.9008
Mol065,CC(C)C(=O)OCCC(C)OC,8.0243
Mol066,CCOC(=O)OCCC(C)CO,8.1477
Mol067,CC(C)C(=O)OC(C)C(=O)OCCC,8.2712
Mol068,CC(C)C(=O)OCC(C)OC(C)C,8.3946
Mol069,CC(C)C(=O)OCCC(C)OC(C)C,8.5181
Mol070,CCOC(=O)OCCC(C)OC(C)C,8.6415
Mol071,CC(C)C(=O)OC(C)C(=O)OCCC(C)C,8.765
Mol072,CC(C)C(=O)OCCC(C)OC(C)C(=O)O,8.8884
Mol073,CCOC(=O)OCCC(C)OC(C)C(=O)O,9.0119
Mol074,CC(C)C(=O)OCC(C)OC(C)C(=O)OC,9.1353
Mol075,CC(C)C(=O)OCCC(C)OC(C)C(=O)OC,9.2588
Mol076,CC(C)C(=O)OC(C)C(=O)OCCC(C)OC,9.3822
Mol077,CCOC(=O)OCCC(C)OC(C)C(=O)OC,9.5057
Mol078,CC(C)C(=O)OCC(C)OC(C)C(=O)OCCC,9.6291
Mol079,CC(C)C(=O)OCCC(C)OC(C)C(=O)OCCC,9.7526
Mol080,CCOC(=O)OCCC(C)OC(C)C(=O)OCCC,9.876
Mol081,CC(C)C(=O)OCC(C)OC(C)C(=O)OCCC(C)C,9.9994
Mol082,CCOC(=O)OCCC(C)OC(C)C(=O)OCCC(C)C,10.1229
Mol083,CC(C)C(=O)OC(C)C(=O)OCCC(C)OC(C)C,10.2463
Mol084,CCOC(=O)OCCC(C)OC(C)C(=O)OCCC(C)C,10.3698
Mol085,CC(C)C(=O)OCCC(C)OC(C)C(=O)OCCC(C)O,10.4932
Mol086,CC(C)C(=O)OC(C)C(=O)OCCC(C)OC(C)C(=O)O,10.6167
Mol087,CCOC(=O)OCCC(C)OC(C)C(=O)OCCC(C)OC(C)C,10.7401
Mol088,CC(C)C(=O)OCC(C)OC(C)C(=O)OCCC(C)OC(C)C,10.8636
Mol089,CC(C)C(=O)OC(C)C(=O)OCCC(C)OC(C)C(=O)OCCC,10.987
Mol090,CCOC(=O)OCCC(C)OC(C)C(=O)OCCC(C)OC(C)C(=O)O,11.1105
Mol091,CC(C)C(=O)OCC(C)OC(C)C(=O)OCCC(C)OC(C)C(=O)O,11.234
Mol092,CCOC(=O)OCCC(C)OC(C)C(=O)OCCC(C)OC(C)C(=O)OCCC,11.3574
Mol093,CC(C)C(=O)OCCC(C)OC(C)C(=O)OCCC(C)OC(C)C(=O)OCCC,11.4809
Mol094,CCOC(=O)OCCC(C)OC(C)C(=O)OCCC(C)OC(C)C(=O)OCCC(C)C,11.6043
Mol095,CC(C)C(=O)OC(C)C(=O)OCCC(C)OC(C)C(=O)OCCC(C)OC(C)C,11.7278
Mol096,CCOC(=O)OCCC(C)OC(C)C(=O)OCCC(C)OC(C)C(=O)OCCC(C)C,11.8512
Mol097,CC(C)C(=O)OCC(C)OC(C)C(=O)OCCC(C)OC(C)C(=O)OCCC(C)C,11.9747
Mol098,CCOC(=O)OCCC(C)OC(C)C(=O)OCCC(C)OC(C)C(=O)OCCC(C)OC,12.0981
Mol099,CC(C)C(=O)OC(C)C(=O)OCCC(C)OC(C)C(=O)OCCC(C)OC(C)C(=O)O,12.2216
Mol100,CCOC(=O)OCCC(C)OC(C)C(=O)OCCC(C)OC(C)C(=O)OCCC(C)OC(C)C,12.345
Mol101,CCOC(=O)OCCC(C)OC(C)C(=O)OCCC(C)OC(C)C101,12.4690
Mol102,CCOC(=O)OCCC(C)OC(C)C(=O)OCCC(C)OC(C)C102,12.5890
Mol103,CCOC(=O)OCCC(C)OC(C)C(=O)OCCC(C)OC(C)C103,12.7090
Mol104,CCOC(=O)OCCC(C)OC(C)C(=O)OCCC(C)OC(C)C104,12.8290
Mol105,CCOC(=O)OCCC(C)OC(C)C(=O)OCCC(C)OC(C)C105,12.9490
Mol106,CCOC(=O)OCCC(C)OC(C)OCCC(C)OC(C)C106,13.0690
Mol107,CCOC(=O)OCCC(C)OC(C)C(=O)OCCC(C)OC(C)C107,13.1890
Mol108,CCOC(=O)OCCC(C)OC(C)C(=O)OCCC(C)))))))))C108,13.3089
Mol109,CCOC(=O)OCCC(C)OC(C)C(=O)OCCC(C)C109,13.4289
Mol110,CCOC(=O)OCCC(C)OC(C)C(=O)OCCC(C)OC(C)C110,13.5489
Mol111,CCOC(=O)OCCC(C)OC(C)C(=O)OCCC(C)OC(C)C111,13.6689
Mol112,CCOC(=O)OCCC(C)OC(C)C(=O)OCCC(C)OC(C)C112,13.7889
Mol113,CCOC(=O)OCCC(C)OC(C)C(=O)OCCCC)C113,13.9089
Mol114,CCOC(=O)OCCC(C)OC(C)C(=O)OCCC(C)OC(C)C114,14.0289
Mol115,CCOC(=O)OCCC(C)OC(C)C(=O)OCCC(C)OC(C)C115,14.1489
Mol116,CCOC(=O)OCCC(C)OC(C)C(=O)OCCC(C)O000C(C)C116,14.2689
Mol117,CCOC(=O)OCCC(C)OC(C)C(=O)OCCC(C)OC(C)C117,14.3889
Mol118,CCOC(=O)OCCC(C)OC(C)C(=O)OCCC(C)OC(C)C118,14.5089
Mol119,CCOC(=O)OCCC(C)OC(C)C(=O)O)OC(C)C119,14.6289
Mol120,CCOC(=O)OCCC(C)OC(C)C(=O)OCCC(C)OC(C)C120,14.7488
Mol121,CCOC(=O)OCCC(C)OC(C)C(=O)OCCC(C)OC(C)C121,14.8688
Mol122,CCOC(=O)OCCC(C)OC(C)C(=O)OCCC(C)OC(C)C122,14.9888
Mol123,CCOC(=O)OCCC(C)OC(C)C(=O)OCCC(C)OC(C)C123,15.1088
Mol124,CCOC(=O)OCCC(C)OC(C)C(=O)OCCC(C)OC(C)C124,15.2288
Mol125,CCOC(=O)OCCC(C)OC(C)C(=O)OCCC(C)OC(C)C125,15.3488
Mol126,CCOC(=O)OCCC(C)OC(C)C(=O)C)OC(C)C126,15.4688
Mol127,CCOC(=O)OCCC(C)OC(C)C(=O)OCCC(C)OC(C)C127,15.5888
Mol128,CCOC(=O)OCCC(C)OC(C)C(=O)OCCC(C)O((((C(C)C128,15.7088
Mol129,CCOC(=O)OCCC(C)OC(C)C(=O)OCCC(C)OC(C)C129,15.8288
Mol130,CCOC(=O)OCCC(C)OC(C)C(=O)OCCC(C)OC(C)C130,15.9488
Mol131,CCOC(=O)OCCC(C)OC(C)C(=O)OCCC(C)OC(C)C131,16.0688
Mol132,CCOC(=O)OCCC(C)OC(C)C(=O)OCCC(C)OCCCC(C)C132,16.1888
Mol133,CCOC(=O)OCCC(C)OC(C)C(=O)OCCC(C)OC(C)C133,16.3087
Mol134,CCOC(=O)OCCC(C)OC(C)C(=O)OCCC(C)OCC(C)C134,16.4287
Mol135,CCOC(=O)OCCC(C)OC(C)C(=O)OCCC(C)OC(C)C135,16.5487
Mol136,CCOC(=O)OCCC(C)OC(C)C(=O)OCCC(C)OC(C)C136,16.6687
Mol137,CCOC(=O)OCCC(C)OC(C)C(=O)OCCC(C)OC(C)C137,16.7887
Mol138,CCOC(=O)OCCC(C)OC(C)C(=O)OCCC(C)OC(C)C138,16.9087
Mol139,CCOC(=O)OCCC(C)OC(C)C(=O)OCCC(C)OC(C)C139,17.0287
Mol140,CCOC(=O)OCCC(C)OC(C)C(=O)OCCC(C)OC(C)C140,17.1487
Mol141,CCOC(=O)OCCC(C)OC(C)C(=O)OCCC(C)OC(C)C141,17.2687
Mol142,CCOC(=O)OCCC(C)OC(C)C(=O)OCCC(C)OC(C)C142,17.3887
Mol143,CCOC(=O)OCCC(C)OC(C)C(=O)OCCC(C)OC(C)C143,17.5087
Mol144,CCOC(=O)OCCC(C)OC(C)C(=O)OCCC(C)OC(C)C144,17.6287
Mol145,CCOC(=O)OCCC(C)OC(C)C(=O)OCCC(C)OC(C)C145,17.7486
Mol146,CCOC(=O)OCCC(C)OC(C)C(=O)OCCC(C)OC(C)C146,17.8686
Mol147,CCOC(=O)OCCC(C)OC(C)C(=O)OCCC(C)OC(C)C147,17.9886
Mol148,CCOC(=O)OCCC(C)OC(C)C(=O)OCCC(C)OC(C)C148,18.1086
Mol149,CCOC(=O)OCCC(C)OC(C)C(=O)OCCC(C)OC(C)C149,18.2286
Mol150,CCOC(=O)OCCC(C)OC(C)C(=O)OCCC((C)C150,18.3486
Mol151,CCOC(=O)OCCC(C)OC(C)C(=O)OCCC(C)OC(C)C151,18.4686
Mol152,CCOC(=O)OCCC(C)OC(C)C(=O)OCCC(C)OC(C152,18.5886
Mol153,CCOC(=O)OCCC(C)OC(C)C(=O)OCCC(C)OC(C)C153,18.7086
Mol154,CCOC(=O)OCCC(C)OC(C)C(=O)OCCC(C)OC(C)C154,18.8286
Mol155,CCOC(=O)OCCC(C)OC(CC(C)OC(C)C155,18.9486
Mol156,CCOC(=O)OCCC(C)OC(C)C(=O)OCCC(C)OC(C)C156,19.0686
Mol157,CCOC(=O)OCCC(C)OC(C)C(=O)OCCC(C)OC(C)C157,19.1886
Mol158,CCOC(=O)OCCC(C)OC(C)C(=O)OCCC(C)OC(C)C158,19.3085
Mol159,CCOC(=O)OCCC(C)OC(C)C(=O)OCCC(C)OC(C)C159,19.4285
Mol160,CCOC(=O)OCCC(C)OC(C)C(=O)OCCC(C)C160,19.5485
Mol161,CCOC(=O)OCCC(C)OC(C)C(=O)OCCC(C)OC(C)C161,19.6685
Mol162,CCOC(=O)OCCC(C)OC(C)C(=O)OCCC(C)OC(C)C162,19.7885
Mol163,CCOC(=O)OCCC(C)OC(C)C(=O)OCCC(C)OC(C)C163,19.9085
Mol164,CCOC(=O)OCCC(C)OC(C)C(=O)OCCC(C)O)C164,20.0285
Mol165,CCOC(=O)OCCC(C)OC(C)C(=O)OCCC(C)OC(C)C165,20.1485
Mol166,CCOC(=O)OCCC(C)OC(C)C(=O)OCCC(C)OC(C)C166,20.2685
Mol167,CCOC(=O)OCCC(C)OC(C)C(=O)OCCC(C)OC(C)C167,20.3885
Mol168,CCOC(=O)OCCC(C)OC(C)C(=O)OCCC(C)O168,20.5085
Mol169,CCOC(=O)OCCC(C)OC(C)C(=O)OCCC(C)OC(C)C169,20.6285
Mol170,CCOC(=O)OCCC(C)OC(C)C(=O)OCCC(C)OC(C)C170,20.7484
Mol171,CCOC(=O)OCCC(C)OC(C)C(=O)OCCC(C)OC(C)C171,20.8684
Mol172,CCOC(=O)OCCC(C)OC(C)C(=O)OCCC(C)OC(C)C172,20.9884
Mol173,CCOC(=O)OCCC(C)OC(C)C(=O)OCCC(C)OC(C)C173,21.1084
Mol174,CCOC(=O)OCCC(C)OC(C)C(=O)OCCC(C)OC(C)C174,21.2284
Mol175,CCOC(=O)OCCC(C)OC(C)C(=O)OCCC(C)OC(C)C175,21.3484
Mol176,CCOC(=O)OCCC(C)OC(C)C(=O)OCCC(C)OC(C)C176,21.4684
Mol177,CCOC(=O)OCCC(C)OC(C)C(=O)OCCC(C)OC(C)C177,21.5884
Mol178,CCOC(=O)OCCC(C)OC(C)C(=O)OCCC(C)OC(C)C178,21.7084
Mol179,CCOC(=O)OCCC(C)OC(C)C(=O)OCCC(C)OC(C)C179,21.8284
Mol180,CCOC(=O)OCCC(C)OC(C)C(=O)OCCC(C)OC(C)C180,21.9484
Mol181,CCOC(=O)OCCC(C)OC(C)C(=O)OCCC(C)OC(C)C181,22.0684
Mol182,CCOC(=O)OCCC(C)OC(C)C(=O)OCCC(C)OC(C)C182,22.1884
Mol183,CCOC(=O)OCCC(C)OC(C)C(=O)OCCC(C)OC(C)C183,22.3083
Mol184,CCOC(=O)OCCC(C)OC(C)C(=O)OCCC(C)OC(C)C184,22.4283
Mol185,CCOC(=O)OCCC(C)OC(C)C(=O)OCCC(C)OC(C)C185,22.5483
Mol186,CCOC(=O)OCCC(C)OC(C)C(=O)OCCC(C)OC(C)C186,22.6683
Mol187,CCOC(=O)OCCC(C)OC(C)C(=O)OCCC(C)OC(C)C187,22.7883
Mol188,CCOC(=O)OCCC(C)OC(C)C(=O)OCCC(C)OC(C)C188,22.9083
Mol189,CCOC(=O)OCCC(C)OC(C)C(=O)OCCC(C)OC(C)C189,23.0283
Mol190,CCOC(=O)OCCC(C)OC(C)C(=O)OCCC(C)OC(C)C190,23.1483
Mol191,CCOC(=O)OCCC(C)OC(C)C(=O)OCCC(C)OC(C)C191,23.2683
Mol192,CCOC(=O)OCCC(C)OC(C)C(=O)OCCC(C)OC(C)C192,23.3883
Mol193,CCOC(=O)OCCC(C)OC(C)C(=O)OCCC(C)OC(C)C193,23.5083
Mol194,CCOC(=O)OCCC(C)OC(C)C(=O)OCCC(C)OC(C)C194,23.6283
Mol195,CCOC(=O)OCCC(C)OC(C)C(=O)OCCC(C)OC(C)C195,23.7482
Mol196,CCOC(=O)OCCC(C)OC(C)C(=O)OCCC(C)OC(C)C196,23.8682
Mol197,CCOC(=O)OCCC(C)OC(C)C(=O)OCCC(C)OC(C)C197,23.9882
Mol198,CCOC(=O)OCCC(C)OC(C)C(=O)OCCC(C)OC(C)C198,24.1082
Mol199,CCOC(=O)OCCC(C)OC(C)C(=O)OCCC(C)OC(C)C199,24.2282
Mol200,CCOC(=O)OCCC(C)OC(C)C(=O)OCCC(C)OC(C)C200,24.3482
Mol201,CCOC(=O)OCCC(C)OC(C)C(=O)OCCC(C)OC(C)C201,24.4682
Mol202,CCOC(=O)OCCC(C)OC(C)C(=O)OCCC(C)OC(C)C202,24.5882
Mol203,CCOC(=O)OCCC(C)OC(C)C(=O)OCCC(C)OC(C)C203,24.7082
Mol204,CCOC(=O)OCCC(C)OC(C)C(=O)OCCC(C)OC(C)C204,24.8282
Mol205,CCOC(=O)OCCC(C)OC(C)C(=O)OCCC(C)OC(C)C205,24.9482
Mol206,CCOC(=O)OCCC(C)OC(C)C(=O)OCCC(C)OC(C)C206,25.0682
Mol207,CCOC(=O)OCCC(C)OC(C)C(=O)OCCC(C)OC(C)C207,25.1882
Mol208,CCOC(=O)OCCC(C)OC(C)C(=O)OCCC(C)OC(C)C208,25.3081
Mol209,CCOC(=O)OCCC(C)OC(C)C(=O)OCCC(C)OC(C)C209,25.4281
Mol210,CCOC(=O)OCCC(C)OC(C)C(=O)OCCC(C)OC(C)C210,25.5481
Mol211,CCOC(=O)OCCC(C)OC(C)C(=O)OCCC(C)OC(C)C211,25.6681
Mol212,CCOC(=O)OCCC(C)OC(C)C(=O)OCCC(C)OC(C)C212,25.7881
Mol213,CCOC(=O)OCCC(C)OC(C)C(=O)OCCC(C)OC(C)C213,25.9081
Mol214,CCOC(=O)OCCC(C)OC(C)C(=O)OCCC(C)OC(C)C214,26.0281
Mol215,CCOC(=O)OCCC(C)OC(C)C(=O)OCCC(C)OC(C)C215,26.1481
Mol216,CCOC(=O)OCCC(C)OC(C)C(=O)OCCC(C)OC(C)C216,26.2681
Mol217,CCOC(=O)OCCC(C)OC(C)C(=O)OCCC(C)OC(C)C217,26.3881
Mol218,CCOC(=O)OCCC(C)OC(C)C(=O)OCCC(C)OC(C)C218,26.5081
Mol219,CCOC(=O)OCCC(C)OC(C)C(=O)OCCC(C)OC(C)C219,26.6281
Mol220,CCOC(=O)OCCC(C)OC(C)C(=O)OCCC(C)OC(C)C220,26.7480
Mol221,CCOC(=O)OCCC(C)OC(C)C(=O)OCCC(C)OC(C)C221,26.8680
Mol222,CCOC(=O)OCCC(C)OC(C)C(=O)OCCC(C)OC(C)C222,26.9880
Mol223,CCOC(=O)OCCC(C)OC(C)C(=O)OCCC(C)OC(C)C223,27.1080
Mol224,CCOC(=O)OCCC(C)OC(C)C(=O)OCCC(C)OC(C)C224,27.2280
Mol225,CCOC(=O)OCCC(C)OC(C)C(=O)OCCC(C)OC(C)C225,27.3480
Mol226,CCOC(=O)OCCC(C)OC(C)C(=O)OCCC(C)OC(C)C226,27.4680
Mol227,CCOC(=O)OCCC(C)OC(C)C(=O)OCCC(C)OC(C)C227,27.5880
Mol228,CCOC(=O)OCCC(C)OC(C)C(=O)OCCC(C)OC(C)C228,27.7080
Mol229,CCOC(=O)OCCC(C)OC(C)C(=O)OCCC(C)OC(C)C229,27.8280
Mol230,CCOC(=O)OCCC(C)OC(C)C(=O)OCCC(C)OC(C)C230,27.9480
Mol231,CCOC(=O)OCCC(C)OC(C)C(=O)OCCC(C)OC(C)C231,28.0680
Mol232,CCOC(=O)OCCC(C)OC(C)C(=O)OCCC(C)OC(C)C232,28.1879
Mol233,CCOC(=O)OCCC(C)OC(C)C(=O)OCCC(C)OC(C)C233,28.3079
Mol234,CCOC(=O)OCCC(C)OC(C)C(=O)OCCC(C)OC(C)C234,28.4279
Mol235,CCOC(=O)OCCC(C)OC(C)C(=O)OCCC(C)OC(C)C235,28.5479
Mol236,CCOC(=O)OCCC(C)OC(C)C(=O)OCCC(C)OC(C)C236,28.6679
Mol237,CCOC(=O)OCCC(C)OC(C)C(=O)OCCC(C)OC(C)C237,28.7879
Mol238,CCOC(=O)OCCC(C)OC(C)C(=O)OCCC(C)OC(C)C238,28.9079
Mol239,CCOC(=O)OCCC(C)OC(C)C(=O)OCCC(C)OC(C)C239,29.0279
Mol240,CCOC(=O)OCCC(C)OC(C)C(=O)OCCC(C)OC(C)C240,29.1479
Mol241,CCOC(=O)OCCC(C)OC(C)C(=O)OCCC(C)OC(C)C241,29.2679
Mol242,CCOC(=O)OCCC(C)OC(C)C(=O)OCCC(C)OC(C)C242,29.3879
Mol243,CCOC(=O)OCCC(C)OC(C)C(=O)OCCC(C)OC(C)C243,29.5079
Mol244,CCOC(=O)OCCC(C)OC(C)C(=O)OCCC(C)OC(C)C244,29.6279
Mol245,CCOC(=O)OCCC(C)OC(C)C(=O)OCCC(C)OC(C)C245,29.7478
Mol246,CCOC(=O)OCCC(C)OC(C)C(=O)OCCC(C)OC(C)C246,29.8678
Mol247,CCOC(=O)OCCC(C)OC(C)C(=O)OCCC(C)OC(C)C247,29.9878
Mol248,CCOC(=O)OCCC(C)OC(C)C(=O)OCCC(C)OC(C)C248,30.1078
Mol249,CCOC(=O)OCCC(C)OC(C)C(=O)OCCC(C)OC(C)C249,30.2278
Mol250,CCOC(=O)OCCC(C)OC(C)C(=O)OCCC(C)OC(C)C250,30.3478
Mol251,CCOC(=O)OCCC(C)OC(C)C(=O)OCCC(C)OC(C)C251,30.4678
Mol252,CCOC(=O)OCCC(C)OC(C)C(=O)OCCC(C)OC(C)C252,30.5878
Mol253,CCOC(=O)OCCC(C)OC(C)C(=O)OCCC(C)OC(C)C253,30.7078
Mol254,CCOC(=O)OCCC(C)OC(C)C(=O)OCCC(C)OC(C)C254,30.8278
Mol255,CCOC(=O)OCCC(C)OC(C)C(=O)OCCC(C)OC(C)C255,30.9478
Mol256,CCOC(=O)OCCC(C)OC(C)C(=O)OCCC(C)OC(C)C256,31.0678
Mol257,CCOC(=O)OCCC(C)OC(C)C(=O)OCCC(C)OC(C)C257,31.1877
Mol258,CCOC(=O)OCCC(C)OC(C)C(=O)OCCC(C)OC(C)C258,31.3077
Mol259,CCOC(=O)OCCC(C)OC(C)C(=O)OCCC(C)OC(C)C259,31.4277
Mol260,CCOC(=O)OCCC(C)OC(C)C(=O)OCCC(C)OC(C)C260,31.5477
Mol261,CCOC(=O)OCCC(C)OC(C)C(=O)OCCC(C)OC(C)C261,31.6677
Mol262,CCOC(=O)OCCC(C)OC(C)C(=O)OCCC(C)OC(C)C262,31.7877
Mol263,CCOC(=O)OCCC(C)OC(C)C(=O)OCCC(C)OC(C)C263,31.9077
Mol264,CCOC(=O)OCCC(C)OC(C)C(=O)OCCC(C)OC(C)C264,32.0277
Mol265,CCOC(=O)OCCC(C)OC(C)C(=O)OCCC(C)OC(C)C265,32.1477
Mol266,CCOC(=O)OCCC(C)OC(C)C(=O)OCCC(C)OC(C)C266,32.2677
Mol267,CCOC(=O)OCCC(C)OC(C)C(=O)OCCC(C)OC(C)C267,32.3877
Mol268,CCOC(=O)OCCC(C)OC(C)C(=O)OCCC(C)OC(C)C268,32.5077
Mol269,CCOC(=O)OCCC(C)OC(C)C(=O)OCCC(C)OC(C)C269,32.6277
Mol270,CCOC(=O)OCCC(C)OC(C)C(=O)OCCC(C)OC(C)C270,32.7476
Mol271,CCOC(=O)OCCC(C)OC(C)C(=O)OCCC(C)OC(C)C271,32.8676
Mol272,CCOC(=O)OCCC(C)OC(C)C(=O)OCCC(C)OC(C)C272,32.9876
Mol273,CCOC(=O)OCCC(C)OC(C)C(=O)OCCC(C)OC(C)C273,33.1076
Mol274,CCOC(=O)OCCC(C)OC(C)C(=O)OCCC(C)OC(C)C274,33.2276
Mol275,CCOC(=O)OCCC(C)OC(C)C(=O)OCCC(C)OC(C)C275,33.3476
Mol276,CCOC(=O)OCCC(C)OC(C)C(=O)OCCC(C)OC(C)C276,33.4676
Mol277,CCOC(=O)OCCC(C)OC(C)C(=O)OCCC(C)OC(C)C277,33.5876
Mol278,CCOC(=O)OCCC(C)OC(C)C(=O)OCCC(C)OC(C)C278,33.7076
Mol279,CCOC(=O)OCCC(C)OC(C)C(=O)OCCC(C)OC(C)C279,33.8276
Mol280,CCOC(=O)OCCC(C)OC(C)C(=O)OCCC(C)OC(C)C280,33.9476
Mol281,CCOC(=O)OCCC(C)OC(C)C(=O)OCCC(C)OC(C)C281,34.0676
Mol282,CCOC(=O)OCCC(C)OC(C)C(=O)OCCC(C)OC(C)C282,34.1875
Mol283,CCOC(=O)OCCC(C)OC(C)C(=O)OCCC(C)OC(C)C283,34.3075
Mol284,CCOC(=O)OCCC(C)OC(C)C(=O)OCCC(C)OC(C)C284,34.4275
Mol285,CCOC(=O)OCCC(C)OC(C)C(=O)OCCC(C)OC(C)C285,34.5475
Mol286,CCOC(=O)OCCC(C)OC(C)C(=O)OCCC(C)OC(C)C286,34.6675
Mol287,CCOC(=O)OCCC(C)OC(C)C(=O)OCCC(C)OC(C)C287,34.7875
Mol288,CCOC(=O)OCCC(C)OC(C)C(=O)OCCC(C)OC(C)C288,34.9075
Mol289,CCOC(=O)OCCC(C)OC(C)C(=O)OCCC(C)OC(C)C289,35.0275
Mol290,CCOC(=O)OCCC(C)OC(C)C(=O)OCCC(C)OC(C)C290,35.1475
Mol291,CCOC(=O)OCCC(C)OC(C)C(=O)OCCC(C)OC(C)C291,35.2675
Mol292,CCOC(=O)OCCC(C)OC(C)C(=O)OCCC(C)OC(C)C292,35.3875
Mol293,CCOC(=O)OCCC(C)OC(C)C(=O)OCCC(C)OC(C)C293,35.5075
Mol294,CCOC(=O)OCCC(C)OC(C)C(=O)OCCC(C)OC(C)C294,35.6275
Mol295,CCOC(=O)OCCC(C)OC(C)C(=O)OCCC(C)OC(C)C295,35.7474
Mol296,CCOC(=O)OCCC(C)OC(C)C(=O)OCCC(C)OC(C)C296,35.8674
Mol297,CCOC(=O)OCCC(C)OC(C)C(=O)OCCC(C)OC(C)C297,35.9874
Mol298,CCOC(=O)OCCC(C)OC(C)C(=O)OCCC(C)OC(C)C298,36.1074
Mol299,CCOC(=O)OCCC(C)OC(C)C(=O)OCCC(C)OC(C)C299,36.2274
Mol300,CCOC(=O)OCCC(C)OC(C)C(=O)OCCC(C)OC(C)C300,36.3474
Mol301,CCOC(=O)OCCC(C)OC(C)C(=O)OCCC(C)OC(C)C301,36.4674
Mol302,CCOC(=O)OCCC(C)OC(C)C(=O)OCCC(C)OC(C)C302,36.5874
Mol303,CCOC(=O)OCCC(C)OC(C)C(=O)OCCC(C)OC(C)C303,36.7074
Mol304,CCOC(=O)OCCC(C)OC(C)C(=O)OCCC(C)OC(C)C304,36.8274
Mol305,CCOC(=O)OCCC(C)OC(C)C(=O)OCCC(C)OC(C)C305,36.9474
Mol306,CCOC(=O)OCCC(C)OC(C)C(=O)OCCC(C)OC(C)C306,37.0674
Mol307,CCOC(=O)OCCC(C)OC(C)C(=O)OCCC(C)OC(C)C307,37.1873
Mol308,CCOC(=O)OCCC(C)OC(C)C(=O)OCCC(C)OC(C)C308,37.3073
Mol309,CCOC(=O)OCCC(C)OC(C)C(=O)OCCC(C)OC(C)C309,37.4273
Mol310,CCOC(=O)OCCC(C)OC(C)C(=O)OCCC(C)OC(C)C310,37.5473
Mol311,CCOC(=O)OCCC(C)OC(C)C(=O)OCCC(C)OC(C)C311,37.6673
Mol312,CCOC(=O)OCCC(C)OC(C)C(=O)OCCC(C)OC(C)C312,37.7873
Mol313,CCOC(=O)OCCC(C)OC(C)C(=O)OCCC(C)OC(C)C313,37.9073
Mol314,CCOC(=O)OCCC(C)OC(C)C(=O)OCCC(C)OC(C)C314,38.0273
Mol315,CCOC(=O)OCCC(C)OC(C)C(=O)OCCC(C)OC(C)C315,38.1473
Mol316,CCOC(=O)OCCC(C)OC(C)C(=O)OCCC(C)OC(C)C316,38.2673
Mol317,CCOC(=O)OCCC(C)OC(C)C(=O)OCCC(C)OC(C)C317,38.3873
Mol318,CCOC(=O)OCCC(C)OC(C)C(=O)OCCC(C)OC(C)C318,38.5073
Mol319,CCOC(=O)OCCC(C)OC(C)C(=O)OCCC(C)OC(C)C319,38.6273
Mol320,CCOC(=O)OCCC(C)OC(C)C(=O)OCCC(C)OC(C)C320,38.7472
Mol321,CCOC(=O)OCCC(C)OC(C)C(=O)OCCC(C)OC(C)C321,38.8672
Mol322,CCOC(=O)OCCC(C)OC(C)C(=O)OCCC(C)OC(C)C322,38.9872
Mol323,CCOC(=O)OCCC(C)OC(C)C(=O)OCCC(C)OC(C)C323,39.1072
Mol324,CCOC(=O)OCCC(C)OC(C)C(=O)OCCC(C)OC(C)C324,39.2272
Mol325,CCOC(=O)OCCC(C)OC(C)C(=O)OCCC(C)OC(C)C325,39.3472
Mol326,CCOC(=O)OCCC(C)OC(C)C(=O)OCCC(C)OC(C)C326,39.4672
Mol327,CCOC(=O)OCCC(C)OC(C)C(=O)OCCC(C)OC(C)C327,39.5872
Mol328,CCOC(=O)OCCC(C)OC(C)C(=O)OCCC(C)OC(C)C328,39.7072
Mol329,CCOC(=O)OCCC(C)OC(C)C(=O)OCCC(C)OC(C)C329,39.8272
Mol330,CCOC(=O)OCCC(C)OC(C)C(=O)OCCC(C)OC(C)C330,39.9472
Mol331,CCOC(=O)OCCC(C)OC(C)C(=O)OCCC(C)OC(C)C331,40.0672
Mol332,CCOC(=O)OCCC(C)OC(C)C(=O)OCCC(C)OC(C)C332,40.1871
Mol333,CCOC(=O)OCCC(C)OC(C)C(=O)OCCC(C)OC(C)C333,40.3071
Mol334,CCOC(=O)OCCC(C)OC(C)C(=O)OCCC(C)OC(C)C334,40.4271
Mol335,CCOC(=O)OCCC(C)OC(C)C(=O)OCCC(C)OC(C)C335,40.5471
Mol336,CCOC(=O)OCCC(C)OC(C)C(=O)OCCC(C)OC(C)C336,40.6671
Mol337,CCOC(=O)OCCC(C)OC(C)C(=O)OCCC(C)OC(C)C337,40.7871
Mol338,CCOC(=O)OCCC(C)OC(C)C(=O)OCCC(C)OC(C)C338,40.9071
Mol339,CCOC(=O)OCCC(C)OC(C)C(=O)OCCC(C)OC(C)C339,41.0271
Mol340,CCOC(=O)OCCC(C)OC(C)C(=O)OCCC(C)OC(C)C340,41.1471
Mol341,CCOC(=O)OCCC(C)OC(C)C(=O)OCCC(C)OC(C)C341,41.2671
Mol342,CCOC(=O)OCCC(C)OC(C)C(=O)OCCC(C)OC(C)C342,41.3871
Mol343,CCOC(=O)OCCC(C)OC(C)C(=O)OCCC(C)OC(C)C343,41.5071
Mol344,CCOC(=O)OCCC(C)OC(C)C(=O)OCCC(C)OC(C)C344,41.6271
Mol345,CCOC(=O)OCCC(C)OC(C)C(=O)OCCC(C)OC(C)C345,41.7470
Mol346,CCOC(=O)OCCC(C)OC(C)C(=O)OCCC(C)OC(C)C346,41.8670
Mol347,CCOC(=O)OCCC(C)OC(C)C(=O)OCCC(C)OC(C)C347,41.9870
Mol348,CCOC(=O)OCCC(C)OC(C)C(=O)OCCC(C)OC(C)C348,42.1070
Mol349,CCOC(=O)OCCC(C)OC(C)C(=O)OCCC(C)OC(C)C349,42.2270
Mol350,CCOC(=O)OCCC(C)OC(C)C(=O)OCCC(C)OC(C)C350,42.3470
Mol351,CCOC(=O)OCCC(C)OC(C)C(=O)OCCC(C)OC(C)C351,42.4670
Mol352,CCOC(=O)OCCC(C)OC(C)C(=O)OCCC(C)OC(C)C352,42.5870
Mol353,CCOC(=O)OCCC(C)OC(C)C(=O)OCCC(C)OC(C)C353,42.7070
Mol354,CCOC(=O)OCCC(C)OC(C)C(=O)OCCC(C)OC(C)C354,42.8270
Mol355,CCOC(=O)OCCC(C)OC(C)C(=O)OCCC(C)OC(C)C355,42.9470
Mol356,CCOC(=O)OCCC(C)OC(C)C(=O)OCCC(C)OC(C)C356,43.0670
Mol357,CCOC(=O)OCCC(C)OC(C)C(=O)OCCC(C)OC(C)C357,43.1869
Mol358,CCOC(=O)OCCC(C)OC(C)C(=O)OCCC(C)OC(C)C358,43.3069
Mol359,CCOC(=O)OCCC(C)OC(C)C(=O)OCCC(C)OC(C)C359,43.4269
Mol360,CCOC(=O)OCCC(C)OC(C)C(=O)OCCC(C)OC(C)C360,43.5469
Mol361,CCOC(=O)OCCC(C)OC(C)C(=O)OCCC(C)OC(C)C361,43.6669
Mol362,CCOC(=O)OCCC(C)OC(C)C(=O)OCCC(C)OC(C)C362,43.7869
Mol363,CCOC(=O)OCCC(C)OC(C)C(=O)OCCC(C)OC(C)C363,43.9069
Mol364,CCOC(=O)OCCC(C)OC(C)C(=O)OCCC(C)OC(C)C364,44.0269
Mol365,CCOC(=O)OCCC(C)OC(C)C(=O)OCCC(C)OC(C)C365,44.1469
Mol366,CCOC(=O)OCCC(C)OC(C)C(=O)OCCC(C)OC(C)C366,44.2669
Mol367,CCOC(=O)OCCC(C)OC(C)C(=O)OCCC(C)OC(C)C367,44.3869
Mol368,CCOC(=O)OCCC(C)OC(C)C(=O)OCCC(C)OC(C)C368,44.5069
Mol369,CCOC(=O)OCCC(C)OC(C)C(=O)OCCC(C)OC(C)C369,44.6269
Mol370,CCOC(=O)OCCC(C)OC(C)C(=O)OCCC(C)OC(C)C370,44.7468
Mol371,CCOC(=O)OCCC(C)OC(C)C(=O)OCCC(C)OC(C)C371,44.8668
Mol372,CCOC(=O)OCCC(C)OC(C)C(=O)OCCC(C)OC(C)C372,44.9868
Mol373,CCOC(=O)OCCC(C)OC(C)C(=O)OCCC(C)OC(C)C373,45.1068
Mol374,CCOC(=O)OCCC(C)OC(C)C(=O)OCCC(C)OC(C)C374,45.2268
Mol375,CCOC(=O)OCCC(C)OC(C)C(=O)OCCC(C)OC(C)C375,45.3468
Mol376,CCOC(=O)OCCC(C)OC(C)C(=O)OCCC(C)OC(C)C376,45.4668
Mol377,CCOC(=O)OCCC(C)OC(C)C(=O)OCCC(C)OC(C)C377,45.5868
Mol378,CCOC(=O)OCCC(C)OC(C)C(=O)OCCC(C)OC(C)C378,45.7068
Mol379,CCOC(=O)OCCC(C)OC(C)C(=O)OCCC(C)OC(C)C379,45.8268
Mol380,CCOC(=O)OCCC(C)OC(C)C(=O)OCCC(C)OC(C)C380,45.9468
Mol381,CCOC(=O)OCCC(C)OC(C)C(=O)OCCC(C)OC(C)C381,46.0668
Mol382,CCOC(=O)OCCC(C)OC(C)C(=O)OCCC(C)OC(C)C382,46.1867
Mol383,CCOC(=O)OCCC(C)OC(C)C(=O)OCCC(C)OC(C)C383,46.3067
Mol384,CCOC(=O)OCCC(C)OC(C)C(=O)OCCC(C)OC(C)C384,46.4267
Mol385,CCOC(=O)OCCC(C)OC(C)C(=O)OCCC(C)OC(C)C385,46.5467
Mol386,CCOC(=O)OCCC(C)OC(C)C(=O)OCCC(C)OC(C)C386,46.6667
Mol387,CCOC(=O)OCCC(C)OC(C)C(=O)OCCC(C)OC(C)C387,46.7867
Mol388,CCOC(=O)OCCC(C)OC(C)C(=O)OCCC(C)OC(C)C388,46.9067
Mol389,CCOC(=O)OCCC(C)OC(C)C(=O)OCCC(C)OC(C)C389,47.0267
Mol390,CCOC(=O)OCCC(C)OC(C)C(=O)OCCC(C)OC(C)C390,47.1467
Mol391,CCOC(=O)OCCC(C)OC(C)C(=O)OCCC(C)OC(C)C391,47.2667
Mol392,CCOC(=O)OCCC(C)OC(C)C(=O)OCCC(C)OC(C)C392,47.3867
Mol393,CCOC(=O)OCCC(C)OC(C)C(=O)OCCC(C)OC(C)C393,47.5067
Mol394,CCOC(=O)OCCC(C)OC(C)C(=O)OCCC(C)OC(C)C394,47.6267
Mol395,CCOC(=O)OCCC(C)OC(C)C(=O)OCCC(C)OC(C)C395,47.7466
Mol396,CCOC(=O)OCCC(C)OC(C)C(=O)OCCC(C)OC(C)C396,47.8666
Mol397,CCOC(=O)OCCC(C)OC(C)C(=O)OCCC(C)OC(C)C397,47.9866
Mol398,CCOC(=O)OCCC(C)OC(C)C(=O)OCCC(C)OC(C)C398,48.1066
Mol399,CCOC(=O)OCCC(C)OC(C)C(=O)OCCC(C)OC(C)C399,48.2266
Mol400,CCOC(=O)OCCC(C)OC(C)C(=O)OCCC(C)OC(C)C400,48.3466
Mol401,CCOC(=O)OCCC(C)OC(C)C(=O)OCCC(C)OC(C)C401,48.4666
Mol402,CCOC(=O)OCCC(C)OC(C)C(=O)OCCC(C)OC(C)C402,48.5866
Mol403,CCOC(=O)OCCC(C)OC(C)C(=O)OCCC(C)OC(C)C403,48.7066
Mol404,CCOC(=O)OCCC(C)OC(C)C(=O)OCCC(C)OC(C)C404,48.8266
Mol405,CCOC(=O)OCCC(C)OC(C)C(=O)OCCC(C)OC(C)C405,48.9466
Mol406,CCOC(=O)OCCC(C)OC(C)C(=O)OCCC(C)OC(C)C406,49.0666
Mol407,CCOC(=O)OCCC(C)OC(C)C(=O)OCCC(C)OC(C)C407,49.1865
Mol408,CCOC(=O)OCCC(C)OC(C)C(=O)OCCC(C)OC(C)C408,49.3065
Mol409,CCOC(=O)OCCC(C)OC(C)C(=O)OCCC(C)OC(C)C409,49.4265
Mol410,CCOC(=O)OCCC(C)OC(C)C(=O)OCCC(C)OC(C)C410,49.5465
Mol411,CCOC(=O)OCCC(C)OC(C)C(=O)OCCC(C)OC(C)C411,49.6665
Mol412,CCOC(=O)OCCC(C)OC(C)C(=O)OCCC(C)OC(C)C412,49.7865
Mol413,CCOC(=O)OCCC(C)OC(C)C(=O)OCCC(C)OC(C)C413,49.9065
Mol414,CCOC(=O)OCCC(C)OC(C)C(=O)OCCC(C)OC(C)C414,50.0265
Mol415,CCOC(=O)OCCC(C)OC(C)C(=O)OCCC(C)OC(C)C415,50.1465
Mol416,CCOC(=O)OCCC(C)OC(C)C(=O)OCCC(C)OC(C)C416,50.2665
Mol417,CCOC(=O)OCCC(C)OC(C)C(=O)OCCC(C)OC(C)C417,50.3865
Mol418,CCOC(=O)OCCC(C)OC(C)C(=O)OCCC(C)OC(C)C418,50.5065
Mol419,CCOC(=O)OCCC(C)OC(C)C(=O)OCCC(C)OC(C)C419,50.6265
Mol420,CCOC(=O)OCCC(C)OC(C)C(=O)OCCC(C)OC(C)C420,50.7464
Mol421,CCOC(=O)OCCC(C)OC(C)C(=O)OCCC(C)OC(C)C421,50.8664
Mol422,CCOC(=O)OCCC(C)OC(C)C(=O)OCCC(C)OC(C)C422,50.9864
Mol423,CCOC(=O)OCCC(C)OC(C)C(=O)OCCC(C)OC(C)C423,51.1064
Mol424,CCOC(=O)OCCC(C)OC(C)C(=O)OCCC(C)OC(C)C424,51.2264
Mol425,CCOC(=O)OCCC(C)OC(C)C(=O)OCCC(C)OC(C)C425,51.3464
Mol426,CCOC(=O)OCCC(C)OC(C)C(=O)OCCC(C)OC(C)C426,51.4664
Mol427,CCOC(=O)OCCC(C)OC(C)C(=O)OCCC(C)OC(C)C427,51.5864
Mol428,CCOC(=O)OCCC(C)OC(C)C(=O)OCCC(C)OC(C)C428,51.7064
Mol429,CCOC(=O)OCCC(C)OC(C)C(=O)OCCC(C)OC(C)C429,51.8264
Mol430,CCOC(=O)OCCC(C)OC(C)C(=O)OCCC(C)OC(C)C430,51.9464
Mol431,CCOC(=O)OCCC(C)OC(C)C(=O)OCCC(C)OC(C)C431,52.0664
Mol432,CCOC(=O)OCCC(C)OC(C)C(=O)OCCC(C)OC(C)C432,52.1863
Mol433,CCOC(=O)OCCC(C)OC(C)C(=O)OCCC(C)OC(C)C433,52.3063
Mol434,CCOC(=O)OCCC(C)OC(C)C(=O)OCCC(C)OC(C)C434,52.4263
Mol435,CCOC(=O)OCCC(C)OC(C)C(=O)OCCC(C)OC(C)C435,52.5463
Mol436,CCOC(=O)OCCC(C)OC(C)C(=O)OCCC(C)OC(C)C436,52.6663
Mol437,CCOC(=O)OCCC(C)OC(C)C(=O)OCCC(C)OC(C)C437,52.7863
Mol438,CCOC(=O)OCCC(C)OC(C)C(=O)OCCC(C)OC(C)C438,52.9063
Mol439,CCOC(=O)OCCC(C)OC(C)C(=O)OCCC(C)OC(C)C439,53.0263
Mol440,CCOC(=O)OCCC(C)OC(C)C(=O)OCCC(C)OC(C)C440,53.1463
Mol441,CCOC(=O)OCCC(C)OC(C)C(=O)OCCC(C)OC(C)C441,53.2663
Mol442,CCOC(=O)OCCC(C)OC(C)C(=O)OCCC(C)OC(C)C442,53.3863
Mol443,CCOC(=O)OCCC(C)OC(C)C(=O)OCCC(C)OC(C)C443,53.5063
Mol444,CCOC(=O)OCCC(C)OC(C)C(=O)OCCC(C)OC(C)C444,53.6263
Mol445,CCOC(=O)OCCC(C)OC(C)C(=O)OCCC(C)OC(C)C445,53.7462
Mol446,CCOC(=O)OCCC(C)OC(C)C(=O)OCCC(C)OC(C)C446,53.8662
Mol447,CCOC(=O)OCCC(C)OC(C)C(=O)OCCC(C)OC(C)C447,53.9862
Mol448,CCOC(=O)OCCC(C)OC(C)C(=O)OCCC(C)OC(C)C448,54.1062
Mol449,CCOC(=O)OCCC(C)OC(C)C(=O)OCCC(C)OC(C)C449,54.2262
Mol450,CCOC(=O)OCCC(C)OC(C)C(=O)OCCC(C)OC(C)C450,54.3462
Mol451,CCOC(=O)OCCC(C)OC(C)C(=O)OCCC(C)OC(C)C451,54.4662
Mol452,CCOC(=O)OCCC(C)OC(C)C(=O)OCCC(C)OC(C)C452,54.5862
Mol453,CCOC(=O)OCCC(C)OC(C)C(=O)OCCC(C)OC(C)C453,54.7062
Mol454,CCOC(=O)OCCC(C)OC(C)C(=O)OCCC(C)OC(C)C454,54.8262
Mol455,CCOC(=O)OCCC(C)OC(C)C(=O)OCCC(C)OC(C)C455,54.9462
Mol456,CCOC(=O)OCCC(C)OC(C)C(=O)OCCC(C)OC(C)C456,55.0662
Mol457,CCOC(=O)OCCC(C)OC(C)C(=O)OCCC(C)OC(C)C457,55.1861
Mol458,CCOC(=O)OCCC(C)OC(C)C(=O)OCCC(C)OC(C)C458,55.3061
Mol459,CCOC(=O)OCCC(C)OC(C)C(=O)OCCC(C)OC(C)C459,55.4261
Mol460,CCOC(=O)OCCC(C)OC(C)C(=O)OCCC(C)OC(C)C460,55.5461
Mol461,CCOC(=O)OCCC(C)OC(C)C(=O)OCCC(C)OC(C)C461,55.6661
Mol462,CCOC(=O)OCCC(C)OC(C)C(=O)OCCC(C)OC(C)C462,55.7861
Mol463,CCOC(=O)OCCC(C)OC(C)C(=O)OCCC(C)OC(C)C463,55.9061
Mol464,CCOC(=O)OCCC(C)OC(C)C(=O)OCCC(C)OC(C)C464,56.0261
Mol465,CCOC(=O)OCCC(C)OC(C)C(=O)OCCC(C)OC(C)C465,56.1461
Mol466,CCOC(=O)OCCC(C)OC(C)C(=O)OCCC(C)OC(C)C466,56.2661
Mol467,CCOC(=O)OCCC(C)OC(C)C(=O)OCCC(C)OC(C)C467,56.3861
Mol468,CCOC(=O)OCCC(C)OC(C)C(=O)OCCC(C)OC(C)C468,56.5061
Mol469,CCOC(=O)OCCC(C)OC(C)C(=O)OCCC(C)OC(C)C469,56.6261
Mol470,CCOC(=O)OCCC(C)OC(C)C(=O)OCCC(C)OC(C)C470,56.7460
Mol471,CCOC(=O)OCCC(C)OC(C)C(=O)OCCC(C)OC(C)C471,56.8660
Mol472,CCOC(=O)OCCC(C)OC(C)C(=O)OCCC(C)OC(C)C472,56.9860
Mol473,CCOC(=O)OCCC(C)OC(C)C(=O)OCCC(C)OC(C)C473,57.1060
Mol474,CCOC(=O)OCCC(C)OC(C)C(=O)OCCC(C)OC(C)C474,57.2260
Mol475,CCOC(=O)OCCC(C)OC(C)C(=O)OCCC(C)OC(C)C475,57.3460
Mol476,CCOC(=O)OCCC(C)OC(C)C(=O)OCCC(C)OC(C)C476,57.4660
Mol477,CCOC(=O)OCCC(C)OC(C)C(=O)OCCC(C)OC(C)C477,57.5860
Mol478,CCOC(=O)OCCC(C)OC(C)C(=O)OCCC(C)OC(C)C478,57.7060
Mol479,CCOC(=O)OCCC(C)OC(C)C(=O)OCCC(C)OC(C)C479,57.8260
Mol480,CCOC(=O)OCCC(C)OC(C)C(=O)OCCC(C)OC(C)C480,57.9460
Mol481,CCOC(=O)OCCC(C)OC(C)C(=O)OCCC(C)OC(C)C481,58.0660
Mol482,CCOC(=O)OCCC(C)OC(C)C(=O)OCCC(C)OC(C)C482,58.1859
Mol483,CCOC(=O)OCCC(C)OC(C)C(=O)OCCC(C)OC(C)C483,58.3059
Mol484,CCOC(=O)OCCC(C)OC(C)C(=O)OCCC(C)OC(C)C484,58.4259
Mol485,CCOC(=O)OCCC(C)OC(C)C(=O)OCCC(C)OC(C)C485,58.5459
Mol486,CCOC(=O)OCCC(C)OC(C)C(=O)OCCC(C)OC(C)C486,58.6659
Mol487,CCOC(=O)OCCC(C)OC(C)C(=O)OCCC(C)OC(C)C487,58.7859
Mol488,CCOC(=O)OCCC(C)OC(C)C(=O)OCCC(C)OC(C)C488,58.9059
Mol489,CCOC(=O)OCCC(C)OC(C)C(=O)OCCC(C)OC(C)C489,59.0259
Mol490,CCOC(=O)OCCC(C)OC(C)C(=O)OCCC(C)OC(C)C490,59.1459
Mol491,CCOC(=O)OCCC(C)OC(C)C(=O)OCCC(C)OC(C)C491,59.2659
Mol492,CCOC(=O)OCCC(C)OC(C)C(=O)OCCC(C)OC(C)C492,59.3859
Mol493,CCOC(=O)OCCC(C)OC(C)C(=O)OCCC(C)OC(C)C493,59.5059
Mol494,CCOC(=O)OCCC(C)OC(C)C(=O)OCCC(C)OC(C)C494,59.6258
Mol495,CCOC(=O)OCCC(C)OC(C)C(=O)OCCC(C)OC(C)C495,59.7458
Mol496,CCOC(=O)OCCC(C)OC(C)C(=O)OCCC(C)OC(C)C496,59.8658
Mol497,CCOC(=O)OCCC(C)OC(C)C(=O)OCCC(C)OC(C)C497,59.9858
Mol498,CCOC(=O)OCCC(C)OC(C)C(=O)OCCC(C)OC(C)C498,60.1058
Mol499,CCOC(=O)OCCC(C)OC(C)C(=O)OCCC(C)OC(C)C499,60.2258
Mol500,CCOC(=O)OCCC(C)OC(C)C(=O)OCCC(C)OC(C)C500,60.3458
Mol501,CCOC(=O)OCCC(C)OC(C)C(=O)OCCC(C)OC(C)C501,60.4658
Mol502,CCOC(=O)OCCC(C)OC(C)C(=O)OCCC(C)OC(C)C502,60.5858
Mol503,CCOC(=O)OCCC(C)OC(C)C(=O)OCCC(C)OC(C)C503,60.7058
Mol504,CCOC(=O)OCCC(C)OC(C)C(=O)OCCC(C)OC(C)C504,60.8258
Mol505,CCOC(=O)OCCC(C)OC(C)C(=O)OCCC(C)OC(C)C505,60.9458
Mol506,CCOC(=O)OCCC(C)OC(C)C(=O)OCCC(C)OC(C)C506,61.0658
Mol507,CCOC(=O)OCCC(C)OC(C)C(=O)OCCC(C)OC(C)C507,61.1857
Mol508,CCOC(=O)OCCC(C)OC(C)C(=O)OCCC(C)OC(C)C508,61.3057
Mol509,CCOC(=O)OCCC(C)OC(C)C(=O)OCCC(C)OC(C)C509,61.4257
Mol510,CCOC(=O)OCCC(C)OC(C)C(=O)OCCC(C)OC(C)C510,61.5457
Mol511,CCOC(=O)OCCC(C)OC(C)C(=O)OCCC(C)OC(C)C511,61.6657
Mol512,CCOC(=O)OCCC(C)OC(C)C(=O)OCCC(C)OC(C)C512,61.7857
Mol513,CCOC(=O)OCCC(C)OC(C)C(=O)OCCC(C)OC(C)C513,61.9057
Mol514,CCOC(=O)OCCC(C)OC(C)C(=O)OCCC(C)OC(C)C514,62.0257
Mol515,CCOC(=O)OCCC(C)OC(C)C(=O)OCCC(C)OC(C)C515,62.1457
Mol516,CCOC(=O)OCCC(C)OC(C)C(=O)OCCC(C)OC(C)C516,62.2657
Mol517,CCOC(=O)OCCC(C)OC(C)C(=O)OCCC(C)OC(C)C517,62.3857
Mol518,CCOC(=O)OCCC(C)OC(C)C(=O)OCCC(C)OC(C)C518,62.5057
Mol519,CCOC(=O)OCCC(C)OC(C)C(=O)OCCC(C)OC(C)C519,62.6256
Mol520,CCOC(=O)OCCC(C)OC(C)C(=O)OCCC(C)OC(C)C520,62.7456
Mol521,CCOC(=O)OCCC(C)OC(C)C(=O)OCCC(C)OC(C)C521,62.8656
Mol522,CCOC(=O)OCCC(C)OC(C)C(=O)OCCC(C)OC(C)C522,62.9856
Mol523,CCOC(=O)OCCC(C)OC(C)C(=O)OCCC(C)OC(C)C523,63.1056
Mol524,CCOC(=O)OCCC(C)OC(C)C(=O)OCCC(C)OC(C)C524,63.2256
Mol525,CCOC(=O)OCCC(C)OC(C)C(=O)OCCC(C)OC(C)C525,63.3456
Mol526,CCOC(=O)OCCC(C)OC(C)C(=O)OCCC(C)OC(C)C526,63.4656
Mol527,CCOC(=O)OCCC(C)OC(C)C(=O)OCCC(C)OC(C)C527,63.5856
Mol528,CCOC(=O)OCCC(C)OC(C)C(=O)OCCC(C)OC(C)C528,63.7056
Mol529,CCOC(=O)OCCC(C)OC(C)C(=O)OCCC(C)OC(C)C529,63.8256
Mol530,CCOC(=O)OCCC(C)OC(C)C(=O)OCCC(C)OC(C)C530,63.9456
Mol531,CCOC(=O)OCCC(C)OC(C)C(=O)OCCC(C)OC(C)C531,64.0656
Mol532,CCOC(=O)OCCC(C)OC(C)C(=O)OCCC(C)OC(C)C532,64.1855
Mol533,CCOC(=O)OCCC(C)OC(C)C(=O)OCCC(C)OC(C)C533,64.3055
Mol534,CCOC(=O)OCCC(C)OC(C)C(=O)OCCC(C)OC(C)C534,64.4255
Mol535,CCOC(=O)OCCC(C)OC(C)C(=O)OCCC(C)OC(C)C535,64.5455
Mol536,CCOC(=O)OCCC(C)OC(C)C(=O)OCCC(C)OC(C)C536,64.6655
Mol537,CCOC(=O)OCCC(C)OC(C)C(=O)OCCC(C)OC(C)C537,64.7855
Mol538,CCOC(=O)OCCC(C)OC(C)C(=O)OCCC(C)OC(C)C538,64.9055
Mol539,CCOC(=O)OCCC(C)OC(C)C(=O)OCCC(C)OC(C)C539,65.0255
Mol540,CCOC(=O)OCCC(C)OC(C)C(=O)OCCC(C)OC(C)C540,65.1455
Mol541,CCOC(=O)OCCC(C)OC(C)C(=O)OCCC(C)OC(C)C541,65.2655
Mol542,CCOC(=O)OCCC(C)OC(C)C(=O)OCCC(C)OC(C)C542,65.3855
Mol543,CCOC(=O)OCCC(C)OC(C)C(=O)OCCC(C)OC(C)C543,65.5055
Mol544,CCOC(=O)OCCC(C)OC(C)C(=O)OCCC(C)OC(C)C544,65.6254
Mol545,CCOC(=O)OCCC(C)OC(C)C(=O)OCCC(C)OC(C)C545,65.7454
Mol546,CCOC(=O)OCCC(C)OC(C)C(=O)OCCC(C)OC(C)C546,65.8654
Mol547,CCOC(=O)OCCC(C)OC(C)C(=O)OCCC(C)OC(C)C547,65.9854
Mol548,CCOC(=O)OCCC(C)OC(C)C(=O)OCCC(C)OC(C)C548,66.1054
Mol549,CCOC(=O)OCCC(C)OC(C)C(=O)OCCC(C)OC(C)C549,66.2254
Mol550,CCOC(=O)OCCC(C)OC(C)C(=O)OCCC(C)OC(C)C550,66.3454
Mol551,CCOC(=O)OCCC(C)OC(C)C(=O)OCCC(C)OC(C)C551,66.4654
Mol552,CCOC(=O)OCCC(C)OC(C)C(=O)OCCC(C)OC(C)C552,66.5854
Mol553,CCOC(=O)OCCC(C)OC(C)C(=O)OCCC(C)OC(C)C553,66.7054
Mol554,CCOC(=O)OCCC(C)OC(C)C(=O)OCCC(C)OC(C)C554,66.8254
Mol555,CCOC(=O)OCCC(C)OC(C)C(=O)OCCC(C)OC(C)C555,66.9454
Mol556,CCOC(=O)OCCC(C)OC(C)C(=O)OCCC(C)OC(C)C556,67.0654
Mol557,CCOC(=O)OCCC(C)OC(C)C(=O)OCCC(C)OC(C)C557,67.1853
Mol558,CCOC(=O)OCCC(C)OC(C)C(=O)OCCC(C)OC(C)C558,67.3053
Mol559,CCOC(=O)OCCC(C)OC(C)C(=O)OCCC(C)OC(C)C559,67.4253
Mol560,CCOC(=O)OCCC(C)OC(C)C(=O)OCCC(C)OC(C)C560,67.5453
Mol561,CCOC(=O)OCCC(C)OC(C)C(=O)OCCC(C)OC(C)C561,67.6653
Mol562,CCOC(=O)OCCC(C)OC(C)C(=O)OCCC(C)OC(C)C562,67.7853
Mol563,CCOC(=O)OCCC(C)OC(C)C(=O)OCCC(C)OC(C)C563,67.9053
Mol564,CCOC(=O)OCCC(C)OC(C)C(=O)OCCC(C)OC(C)C564,68.0253
Mol565,CCOC(=O)OCCC(C)OC(C)C(=O)OCCC(C)OC(C)C565,68.1453
Mol566,CCOC(=O)OCCC(C)OC(C)C(=O)OCCC(C)OC(C)C566,68.2653
Mol567,CCOC(=O)OCCC(C)OC(C)C(=O)OCCC(C)OC(C)C567,68.3853
Mol568,CCOC(=O)OCCC(C)OC(C)C(=O)OCCC(C)OC(C)C568,68.5053
Mol569,CCOC(=O)OCCC(C)OC(C)C(=O)OCCC(C)OC(C)C569,68.6252
Mol570,CCOC(=O)OCCC(C)OC(C)C(=O)OCCC(C)OC(C)C570,68.7452
Mol571,CCOC(=O)OCCC(C)OC(C)C(=O)OCCC(C)OC(C)C571,68.8652
Mol572,CCOC(=O)OCCC(C)OC(C)C(=O)OCCC(C)OC(C)C572,68.9852
Mol573,CCOC(=O)OCCC(C)OC(C)C(=O)OCCC(C)OC(C)C573,69.1052
Mol574,CCOC(=O)OCCC(C)OC(C)C(=O)OCCC(C)OC(C)C574,69.2252
Mol575,CCOC(=O)OCCC(C)OC(C)C(=O)OCCC(C)OC(C)C575,69.3452
Mol576,CCOC(=O)OCCC(C)OC(C)C(=O)OCCC(C)OC(C)C576,69.4652
Mol577,CCOC(=O)OCCC(C)OC(C)C(=O)OCCC(C)OC(C)C577,69.5852
Mol578,CCOC(=O)OCCC(C)OC(C)C(=O)OCCC(C)OC(C)C578,69.7052
Mol579,CCOC(=O)OCCC(C)OC(C)C(=O)OCCC(C)OC(C)C579,69.8252
Mol580,CCOC(=O)OCCC(C)OC(C)C(=O)OCCC(C)OC(C)C580,69.9452
Mol581,CCOC(=O)OCCC(C)OC(C)C(=O)OCCC(C)OC(C)C581,70.0652
Mol582,CCOC(=O)OCCC(C)OC(C)C(=O)OCCC(C)OC(C)C582,70.1851
Mol583,CCOC(=O)OCCC(C)OC(C)C(=O)OCCC(C)OC(C)C583,70.3051
Mol584,CCOC(=O)OCCC(C)OC(C)C(=O)OCCC(C)OC(C)C584,70.4251
Mol585,CCOC(=O)OCCC(C)OC(C)C(=O)OCCC(C)OC(C)C585,70.5451
Mol586,CCOC(=O)OCCC(C)OC(C)C(=O)OCCC(C)OC(C)C586,70.6651
Mol587,CCOC(=O)OCCC(C)OC(C)C(=O)OCCC(C)OC(C)C587,70.7851
Mol588,CCOC(=O)OCCC(C)OC(C)C(=O)OCCC(C)OC(C)C588,70.9051
Mol589,CCOC(=O)OCCC(C)OC(C)C(=O)OCCC(C)OC(C)C589,71.0251
Mol590,CCOC(=O)OCCC(C)OC(C)C(=O)OCCC(C)OC(C)C590,71.1451
Mol591,CCOC(=O)OCCC(C)OC(C)C(=O)OCCC(C)OC(C)C591,71.2651
Mol592,CCOC(=O)OCCC(C)OC(C)C(=O)OCCC(C)OC(C)C592,71.3851
Mol593,CCOC(=O)OCCC(C)OC(C)C(=O)OCCC(C)OC(C)C593,71.5051
Mol594,CCOC(=O)OCCC(C)OC(C)C(=O)OCCC(C)OC(C)C594,71.6250
Mol595,CCOC(=O)OCCC(C)OC(C)C(=O)OCCC(C)OC(C)C595,71.7450
Mol596,CCOC(=O)OCCC(C)OC(C)C(=O)OCCC(C)OC(C)C596,71.8650
Mol597,CCOC(=O)OCCC(C)OC(C)C(=O)OCCC(C)OC(C)C597,71.9850
Mol598,CCOC(=O)OCCC(C)OC(C)C(=O)OCCC(C)OC(C)C598,72.1050
Mol599,CCOC(=O)OCCC(C)OC(C)C(=O)OCCC(C)OC(C)C599,72.2250
Mol600,CCOC(=O)OCCC(C)OC(C)C(=O)OCCC(C)OC(C)C600,72.3450
